{"count":1,"self":67.2778112,"total":719.8846113,"children":{"InitializeActuators":{"count":100,"self":0.0039854,"total":0.0039854,"children":null},"InitializeSensors":{"count":100,"self":0.0060243,"total":0.0060243,"children":null},"AgentSendState":{"count":25167,"self":1.1499032999999999,"total":258.3550353,"children":{"GridSensor.Update":{"count":503400,"self":239.81250559999998,"total":239.8125006,"children":null},"CollectObservations":{"count":503400,"self":0.3454421,"total":0.3454421,"children":null},"WriteActionMask":{"count":503400,"self":0.1039865,"total":0.1039865,"children":null},"RequestDecision":{"count":503400,"self":0.6520703,"total":16.943202799999998,"children":{"AgentInfo.ToProto":{"count":503400,"self":0.4658074,"total":16.2911325,"children":{"GenerateSensorData":{"count":503400,"self":1.8896164,"total":15.825325099999999,"children":{"GridSensor.GetCompressedObservation":{"count":503400,"self":13.935708799999999,"total":13.9357087,"children":null}}}}}}}}},"DecideAction":{"count":25167,"self":389.577728,"total":389.577727,"children":null},"AgentAct":{"count":25167,"self":4.09589,"total":4.3122845,"children":{"GridSensor.Update":{"count":395,"self":0.17597449999999998,"total":0.17597449999999998,"children":null},"AgentInfo.ToProto":{"count":395,"self":0.0020147,"total":0.0404201,"children":{"GenerateSensorData":{"count":395,"self":0.0038813999999999997,"total":0.0384054,"children":{"GridSensor.GetCompressedObservation":{"count":395,"self":0.034524,"total":0.034524,"children":null}}}}}}},"GridSensor.Update":{"count":581,"self":0.29387949999999996,"total":0.29387949999999996,"children":null},"AgentInfo.ToProto":{"count":581,"self":0.0035191999999999997,"total":0.0568633,"children":{"GenerateSensorData":{"count":581,"self":0.0040316,"total":0.0533441,"children":{"GridSensor.GetCompressedObservation":{"count":581,"self":0.049312499999999995,"total":0.049312499999999995,"children":null}}}}}},"gauges":{"SoloPusher.CumulativeReward":{"count":976,"max":-0.0002,"min":-65535.95,"runningAverage":-279.1184,"value":-0.0002,"weightedAverage":-0.000200000009}},"metadata":{"timer_format_version":"0.1.0","start_time_seconds":"1709430924","unity_version":"2022.3.12f1","command_line_arguments":"C:\\Program Files\\Unity\\Hub\\Editor\\2022.3.12f1\\Editor\\Unity.exe -projectpath C:\\Unity Projects\\Unity-IA-ML-Agents -useHub -hubIPC -cloudEnvironment production","communication_protocol_version":"1.5.0","com.unity.ml-agents_version":"3.0.0-exp.1","scene_name":"Train","end_time_seconds":"1709431644"}}